,features,mae_score,feat_ind,feat_selected_score
3,ebeamEnergyBC2,0.8914673924446106,3,8.570256434362333
1,ebeamDumpCharge,0.3148753046989441,1,8.611635582977454
